,benchmark,target,total_iterations,threads,rounds,smokers,scheduler,min_time_ms,max_time_ms,median_time_ms,mean_time_ms
0,Cigarette Smokers,lf-c,12,9,1000,200,NP,1.728,1.807,1.7345000000000002,1.741083333333333
1,Cigarette Smokers,lf-c,12,2,1000,200,NP,1.727,1.804,1.734,1.7404166666666665
2,Cigarette Smokers,lf-c,12,18,1000,200,NP,1.729,1.768,1.733,1.7396666666666667
3,Cigarette Smokers,lf-c,12,4,1000,200,NP,1.727,1.789,1.7320000000000002,1.7397500000000001
